jugador_A,jugador_B,sinergia
1,2,81
1,3,14
1,4,3
1,5,94
1,6,35
1,7,31
1,8,28
1,9,17
1,10,94
1,11,13
1,12,86
1,13,94
1,14,69
1,15,11
1,16,75
1,17,54
1,18,4
1,19,3
1,20,11
1,21,27
1,22,29
1,23,64
1,24,77
1,25,3
1,26,71
1,27,25
1,28,91
1,29,83
1,30,89
1,31,69
1,32,53
1,33,28
1,34,57
1,35,75
1,36,35
1,37,0
1,38,97
1,39,20
1,40,89
1,41,54
1,42,43
1,43,35
1,44,19
1,45,27
1,46,97
1,47,43
1,48,13
1,49,11
1,50,48
1,51,12
1,52,45
1,53,44
1,54,77
1,55,33
1,56,5
1,57,93
1,58,58
1,59,68
1,60,15
1,61,48
1,62,10
1,63,70
1,64,37
1,65,80
1,66,79
1,67,46
1,68,73
1,69,24
1,70,90
1,71,8
1,72,5
1,73,84
1,74,29
1,75,98
1,76,37
1,77,10
1,78,29
1,79,12
1,80,48
1,81,35
1,82,58
1,83,81
1,84,46
1,85,20
1,86,47
1,87,45
1,88,26
1,89,85
1,90,34
1,91,89
1,92,87
1,93,82
1,94,9
1,95,77
1,96,81
1,97,21
1,98,68
1,99,93
1,100,31
2,3,20
2,4,59
2,5,48
2,6,34
2,7,81
2,8,88
2,9,71
2,10,28
2,11,87
2,12,41
2,13,98
2,14,99
2,15,7
2,16,29
2,17,4
2,18,40
2,19,51
2,20,34
2,21,8
2,22,27
2,23,72
2,24,91
2,25,40
2,26,27
2,27,83
2,28,63
2,29,50
2,30,82
2,31,58
2,32,18
2,33,33
2,34,17
2,35,31
2,36,95
2,37,71
2,38,68
2,39,33
2,40,95
2,41,74
2,42,54
2,43,74
2,44,51
2,45,46
2,46,28
2,47,17
2,48,65
2,49,63
2,50,11
2,51,96
2,52,6
2,53,14
2,54,19
2,55,80
2,56,20
2,57,87
2,58,54
2,59,76
2,60,8
2,61,49
2,62,48
2,63,76
2,64,59
2,65,67
2,66,32
2,67,70
2,68,1
2,69,87
2,70,92
2,71,14
2,72,87
2,73,68
2,74,96
2,75,34
2,76,98
2,77,82
2,78,43
2,79,14
2,80,37
2,81,55
2,82,20
2,83,58
2,84,0
2,85,92
2,86,92
2,87,33
2,88,64
2,89,97
2,90,22
2,91,64
2,92,13
2,93,80
2,94,38
2,95,81
2,96,64
2,97,77
2,98,25
2,99,19
2,100,47
3,4,97
3,5,20
3,6,69
3,7,99
3,8,67
3,9,0
3,10,76
3,11,41
3,12,62
3,13,2
3,14,14
3,15,46
3,16,39
3,17,30
3,18,7
3,19,30
3,20,72
3,21,10
3,22,10
3,23,93
3,24,62
3,25,8
3,26,97
3,27,68
3,28,98
3,29,16
3,30,16
3,31,84
3,32,60
3,33,70
3,34,21
3,35,33
3,36,67
3,37,77
3,38,54
3,39,27
3,40,69
3,41,96
3,42,93
3,43,88
3,44,25
3,45,91
3,46,39
3,47,51
3,48,85
3,49,83
3,50,47
3,51,56
3,52,66
3,53,57
3,54,15
3,55,31
3,56,28
3,57,8
3,58,43
3,59,2
3,60,75
3,61,70
3,62,29
3,63,75
3,64,28
3,65,0
3,66,9
3,67,90
3,68,80
3,69,7
3,70,29
3,71,8
3,72,4
3,73,42
3,74,9
3,75,65
3,76,30
3,77,35
3,78,85
3,79,62
3,80,27
3,81,69
3,82,16
3,83,92
3,84,73
3,85,73
3,86,60
3,87,31
3,88,100
3,89,60
3,90,52
3,91,24
3,92,12
3,93,12
3,94,84
3,95,55
3,96,45
3,97,54
3,98,52
3,99,59
3,100,93
4,5,6
4,6,86
4,7,83
4,8,82
4,9,12
4,10,7
4,11,51
4,12,93
4,13,43
4,14,13
4,15,31
4,16,24
4,17,24
4,18,68
4,19,57
4,20,17
4,21,54
4,22,23
4,23,35
4,24,59
4,25,31
4,26,9
4,27,56
4,28,70
4,29,12
4,30,6
4,31,83
4,32,69
4,33,1
4,34,11
4,35,96
4,36,30
4,37,21
4,38,52
4,39,62
4,40,61
4,41,27
4,42,51
4,43,7
4,44,21
4,45,48
4,46,0
4,47,49
4,48,33
4,49,100
4,50,100
4,51,58
4,52,36
4,53,54
4,54,89
4,55,93
4,56,100
4,57,71
4,58,84
4,59,91
4,60,62
4,61,19
4,62,24
4,63,37
4,64,27
4,65,7
4,66,74
4,67,94
4,68,69
4,69,7
4,70,95
4,71,40
4,72,7
4,73,6
4,74,74
4,75,61
4,76,64
4,77,67
4,78,20
4,79,7
4,80,65
4,81,10
4,82,23
4,83,8
4,84,76
4,85,8
4,86,86
4,87,30
4,88,51
4,89,15
4,90,72
4,91,31
4,92,74
4,93,76
4,94,5
4,95,79
4,96,10
4,97,53
4,98,84
4,99,74
4,100,72
5,6,66
5,7,40
5,8,33
5,9,26
5,10,85
5,11,91
5,12,40
5,13,30
5,14,33
5,15,50
5,16,16
5,17,85
5,18,82
5,19,38
5,20,58
5,21,40
5,22,96
5,23,9
5,24,1
5,25,58
5,26,79
5,27,72
5,28,12
5,29,9
5,30,68
5,31,27
5,32,64
5,33,33
5,34,16
5,35,44
5,36,8
5,37,31
5,38,47
5,39,36
5,40,20
5,41,56
5,42,69
5,43,90
5,44,38
5,45,78
5,46,83
5,47,67
5,48,1
5,49,85
5,50,70
5,51,38
5,52,84
5,53,13
5,54,17
5,55,33
5,56,14
5,57,13
5,58,95
5,59,70
5,60,19
5,61,34
5,62,36
5,63,77
5,64,26
5,65,91
5,66,43
5,67,26
5,68,87
5,69,81
5,70,33
5,71,64
5,72,62
5,73,32
5,74,6
5,75,11
5,76,81
5,77,54
5,78,35
5,79,5
5,80,0
5,81,42
5,82,98
5,83,16
5,84,81
5,85,33
5,86,20
5,87,94
5,88,56
5,89,70
5,90,90
5,91,54
5,92,71
5,93,1
5,94,14
5,95,9
5,96,88
5,97,19
5,98,69
5,99,4
5,100,47
6,7,74
6,8,70
6,9,18
6,10,55
6,11,16
6,12,5
6,13,39
6,14,46
6,15,5
6,16,45
6,17,26
6,18,87
6,19,31
6,20,85
6,21,13
6,22,45
6,23,99
6,24,71
6,25,52
6,26,79
6,27,95
6,28,19
6,29,30
6,30,20
6,31,22
6,32,52
6,33,3
6,34,22
6,35,94
6,36,42
6,37,100
6,38,52
6,39,85
6,40,94
6,41,31
6,42,34
6,43,20
6,44,100
6,45,89
6,46,13
6,47,48
6,48,4
6,49,60
6,50,28
6,51,25
6,52,58
6,53,44
6,54,39
6,55,29
6,56,28
6,57,3
6,58,84
6,59,24
6,60,51
6,61,42
6,62,35
6,63,8
6,64,98
6,65,35
6,66,44
6,67,82
6,68,65
6,69,51
6,70,86
6,71,68
6,72,42
6,73,3
6,74,14
6,75,33
6,76,22
6,77,74
6,78,33
6,79,4
6,80,13
6,81,76
6,82,55
6,83,44
6,84,93
6,85,100
6,86,40
6,87,55
6,88,77
6,89,65
6,90,14
6,91,49
6,92,73
6,93,24
6,94,32
6,95,5
6,96,90
6,97,55
6,98,0
6,99,66
6,100,68
7,8,87
7,9,92
7,10,94
7,11,94
7,12,85
7,13,25
7,14,46
7,15,55
7,16,8
7,17,85
7,18,42
7,19,79
7,20,40
7,21,84
7,22,15
7,23,92
7,24,38
7,25,64
7,26,39
7,27,85
7,28,52
7,29,41
7,30,51
7,31,89
7,32,37
7,33,70
7,34,16
7,35,24
7,36,53
7,37,85
7,38,48
7,39,86
7,40,95
7,41,22
7,42,78
7,43,72
7,44,38
7,45,51
7,46,70
7,47,0
7,48,38
7,49,36
7,50,26
7,51,55
7,52,100
7,53,74
7,54,77
7,55,83
7,56,41
7,57,59
7,58,56
7,59,56
7,60,86
7,61,27
7,62,65
7,63,60
7,64,94
7,65,21
7,66,84
7,67,10
7,68,36
7,69,65
7,70,84
7,71,81
7,72,79
7,73,42
7,74,11
7,75,96
7,76,30
7,77,86
7,78,39
7,79,28
7,80,25
7,81,18
7,82,3
7,83,5
7,84,31
7,85,60
7,86,78
7,87,98
7,88,9
7,89,58
7,90,53
7,91,80
7,92,73
7,93,24
7,94,91
7,95,89
7,96,49
7,97,63
7,98,51
7,99,31
7,100,18
8,9,83
8,10,88
8,11,0
8,12,96
8,13,98
8,14,13
8,15,99
8,16,54
8,17,28
8,18,22
8,19,89
8,20,66
8,21,59
8,22,6
8,23,71
8,24,31
8,25,15
8,26,58
8,27,17
8,28,59
8,29,85
8,30,67
8,31,71
8,32,76
8,33,40
8,34,96
8,35,56
8,36,78
8,37,92
8,38,64
8,39,54
8,40,70
8,41,57
8,42,20
8,43,95
8,44,60
8,45,57
8,46,33
8,47,96
8,48,31
8,49,81
8,50,35
8,51,98
8,52,99
8,53,66
8,54,62
8,55,80
8,56,30
8,57,35
8,58,56
8,59,9
8,60,91
8,61,36
8,62,30
8,63,34
8,64,42
8,65,40
8,66,69
8,67,10
8,68,17
8,69,19
8,70,29
8,71,49
8,72,88
8,73,19
8,74,90
8,75,27
8,76,8
8,77,53
8,78,52
8,79,42
8,80,69
8,81,59
8,82,53
8,83,7
8,84,26
8,85,53
8,86,49
8,87,98
8,88,74
8,89,89
8,90,2
8,91,97
8,92,73
8,93,48
8,94,61
8,95,0
8,96,45
8,97,38
8,98,96
8,99,49
8,100,53
9,10,68
9,11,95
9,12,94
9,13,69
9,14,77
9,15,28
9,16,62
9,17,28
9,18,34
9,19,55
9,20,62
9,21,3
9,22,49
9,23,43
9,24,85
9,25,86
9,26,51
9,27,92
9,28,21
9,29,59
9,30,16
9,31,79
9,32,68
9,33,3
9,34,50
9,35,75
9,36,72
9,37,84
9,38,3
9,39,10
9,40,82
9,41,54
9,42,17
9,43,59
9,44,23
9,45,6
9,46,33
9,47,48
9,48,41
9,49,27
9,50,58
9,51,41
9,52,43
9,53,97
9,54,48
9,55,35
9,56,96
9,57,53
9,58,32
9,59,10
9,60,60
9,61,2
9,62,95
9,63,69
9,64,6
9,65,44
9,66,28
9,67,83
9,68,8
9,69,99
9,70,83
9,71,5
9,72,96
9,73,3
9,74,31
9,75,25
9,76,2
9,77,79
9,78,19
9,79,30
9,80,16
9,81,60
9,82,85
9,83,14
9,84,72
9,85,27
9,86,59
9,87,89
9,88,32
9,89,98
9,90,47
9,91,21
9,92,77
9,93,77
9,94,95
9,95,91
9,96,14
9,97,99
9,98,20
9,99,39
9,100,13
10,11,74
10,12,3
10,13,39
10,14,73
10,15,86
10,16,48
10,17,50
10,18,91
10,19,25
10,20,9
10,21,75
10,22,88
10,23,80
10,24,31
10,25,13
10,26,89
10,27,98
10,28,38
10,29,87
10,30,76
10,31,15
10,32,72
10,33,100
10,34,5
10,35,44
10,36,68
10,37,54
10,38,84
10,39,47
10,40,8
10,41,64
10,42,82
10,43,43
10,44,1
10,45,53
10,46,62
10,47,13
10,48,55
10,49,46
10,50,81
10,51,58
10,52,90
10,53,19
10,54,55
10,55,22
10,56,93
10,57,66
10,58,83
10,59,34
10,60,78
10,61,68
10,62,99
10,63,61
10,64,59
10,65,55
10,66,93
10,67,75
10,68,34
10,69,41
10,70,31
10,71,11
10,72,35
10,73,57
10,74,31
10,75,96
10,76,59
10,77,72
10,78,78
10,79,85
10,80,48
10,81,43
10,82,3
10,83,63
10,84,41
10,85,23
10,86,62
10,87,27
10,88,45
10,89,33
10,90,43
10,91,35
10,92,76
10,93,89
10,94,35
10,95,71
10,96,1
10,97,66
10,98,24
10,99,10
10,100,30
11,12,92
11,13,52
11,14,62
11,15,71
11,16,97
11,17,30
11,18,88
11,19,60
11,20,82
11,21,91
11,22,62
11,23,57
11,24,2
11,25,11
11,26,37
11,27,28
11,28,51
11,29,88
11,30,31
11,31,39
11,32,84
11,33,74
11,34,47
11,35,60
11,36,70
11,37,67
11,38,44
11,39,54
11,40,95
11,41,70
11,42,42
11,43,45
11,44,89
11,45,58
11,46,34
11,47,39
11,48,32
11,49,29
11,50,15
11,51,92
11,52,24
11,53,40
11,54,15
11,55,95
11,56,68
11,57,97
11,58,88
11,59,23
11,60,24
11,61,27
11,62,94
11,63,61
11,64,35
11,65,92
11,66,75
11,67,97
11,68,67
11,69,76
11,70,36
11,71,12
11,72,24
11,73,37
11,74,29
11,75,46
11,76,22
11,77,38
11,78,1
11,79,90
11,80,68
11,81,16
11,82,35
11,83,5
11,84,6
11,85,70
11,86,37
11,87,89
11,88,16
11,89,81
11,90,96
11,91,62
11,92,13
11,93,1
11,94,73
11,95,36
11,96,60
11,97,61
11,98,56
11,99,43
11,100,23
12,13,6
12,14,32
12,15,61
12,16,14
12,17,8
12,18,51
12,19,62
12,20,9
12,21,73
12,22,80
12,23,87
12,24,6
12,25,19
12,26,19
12,27,72
12,28,38
12,29,10
12,30,31
12,31,15
12,32,71
12,33,97
12,34,53
12,35,77
12,36,76
12,37,79
12,38,28
12,39,99
12,40,66
12,41,48
12,42,57
12,43,56
12,44,38
12,45,75
12,46,54
12,47,39
12,48,72
12,49,79
12,50,7
12,51,78
12,52,94
12,53,12
12,54,97
12,55,26
12,56,80
12,57,27
12,58,33
12,59,84
12,60,10
12,61,20
12,62,30
12,63,22
12,64,70
12,65,9
12,66,20
12,67,0
12,68,52
12,69,57
12,70,88
12,71,76
12,72,60
12,73,37
12,74,4
12,75,29
12,76,36
12,77,90
12,78,36
12,79,89
12,80,58
12,81,9
12,82,87
12,83,29
12,84,33
12,85,100
12,86,80
12,87,75
12,88,84
12,89,25
12,90,54
12,91,14
12,92,69
12,93,28
12,94,82
12,95,19
12,96,34
12,97,18
12,98,9
12,99,7
12,100,21
13,14,39
13,15,76
13,16,95
13,17,72
13,18,36
13,19,56
13,20,15
13,21,59
13,22,88
13,23,38
13,24,89
13,25,51
13,26,34
13,27,64
13,28,69
13,29,63
13,30,56
13,31,10
13,32,76
13,33,5
13,34,55
13,35,94
13,36,41
13,37,77
13,38,32
13,39,3
13,40,11
13,41,29
13,42,86
13,43,73
13,44,75
13,45,2
13,46,97
13,47,86
13,48,34
13,49,73
13,50,5
13,51,97
13,52,96
13,53,22
13,54,60
13,55,66
13,56,83
13,57,56
13,58,35
13,59,23
13,60,74
13,61,55
13,62,81
13,63,62
13,64,11
13,65,60
13,66,44
13,67,52
13,68,42
13,69,41
13,70,85
13,71,13
13,72,20
13,73,42
13,74,52
13,75,88
13,76,63
13,77,36
13,78,84
13,79,51
13,80,97
13,81,70
13,82,4
13,83,58
13,84,11
13,85,40
13,86,32
13,87,41
13,88,14
13,89,98
13,90,51
13,91,65
13,92,0
13,93,84
13,94,69
13,95,59
13,96,52
13,97,6
13,98,24
13,99,66
13,100,46
14,15,79
14,16,96
14,17,63
14,18,80
14,19,56
14,20,97
14,21,6
14,22,26
14,23,34
14,24,70
14,25,16
14,26,36
14,27,56
14,28,89
14,29,62
14,30,15
14,31,3
14,32,80
14,33,77
14,34,30
14,35,90
14,36,20
14,37,39
14,38,70
14,39,1
14,40,70
14,41,52
14,42,11
14,43,28
14,44,14
14,45,59
14,46,15
14,47,82
14,48,19
14,49,63
14,50,91
14,51,37
14,52,65
14,53,90
14,54,34
14,55,53
14,56,61
14,57,60
14,58,31
14,59,58
14,60,70
14,61,18
14,62,49
14,63,24
14,64,76
14,65,65
14,66,95
14,67,17
14,68,8
14,69,35
14,70,98
14,71,53
14,72,43
14,73,100
14,74,64
14,75,34
14,76,0
14,77,36
14,78,92
14,79,38
14,80,75
14,81,74
14,82,84
14,83,62
14,84,19
14,85,57
14,86,68
14,87,61
14,88,44
14,89,42
14,90,70
14,91,97
14,92,69
14,93,48
14,94,58
14,95,41
14,96,24
14,97,89
14,98,30
14,99,73
14,100,49
15,16,29
15,17,99
15,18,52
15,19,5
15,20,40
15,21,95
15,22,60
15,23,90
15,24,48
15,25,49
15,26,84
15,27,83
15,28,19
15,29,63
15,30,4
15,31,16
15,32,64
15,33,75
15,34,42
15,35,12
15,36,56
15,37,12
15,38,67
15,39,58
15,40,1
15,41,92
15,42,18
15,43,52
15,44,83
15,45,19
15,46,9
15,47,60
15,48,100
15,49,33
15,50,43
15,51,79
15,52,88
15,53,50
15,54,83
15,55,10
15,56,42
15,57,86
15,58,68
15,59,48
15,60,40
15,61,80
15,62,91
15,63,97
15,64,62
15,65,69
15,66,4
15,67,79
15,68,8
15,69,30
15,70,80
15,71,87
15,72,36
15,73,29
15,74,95
15,75,11
15,76,55
15,77,12
15,78,97
15,79,81
15,80,90
15,81,12
15,82,56
15,83,21
15,84,88
15,85,38
15,86,3
15,87,5
15,88,41
15,89,7
15,90,37
15,91,45
15,92,47
15,93,55
15,94,18
15,95,31
15,96,67
15,97,52
15,98,72
15,99,87
15,100,23
16,17,21
16,18,22
16,19,10
16,20,78
16,21,48
16,22,79
16,23,87
16,24,30
16,25,63
16,26,74
16,27,18
16,28,29
16,29,59
16,30,81
16,31,32
16,32,58
16,33,32
16,34,85
16,35,1
16,36,59
16,37,36
16,38,86
16,39,69
16,40,20
16,41,9
16,42,56
16,43,44
16,44,75
16,45,38
16,46,81
16,47,54
16,48,88
16,49,32
16,50,58
16,51,38
16,52,25
16,53,49
16,54,61
16,55,13
16,56,30
16,57,48
16,58,73
16,59,45
16,60,73
16,61,37
16,62,89
16,63,37
16,64,2
16,65,84
16,66,50
16,67,35
16,68,1
16,69,72
16,70,87
16,71,99
16,72,95
16,73,6
16,74,77
16,75,95
16,76,63
16,77,36
16,78,99
16,79,29
16,80,77
16,81,45
16,82,28
16,83,81
16,84,24
16,85,79
16,86,32
16,87,86
16,88,96
16,89,92
16,90,98
16,91,84
16,92,87
16,93,17
16,94,80
16,95,12
16,96,80
16,97,82
16,98,5
16,99,39
16,100,100
17,18,56
17,19,4
17,20,74
17,21,46
17,22,93
17,23,16
17,24,11
17,25,37
17,26,41
17,27,95
17,28,53
17,29,22
17,30,25
17,31,16
17,32,100
17,33,69
17,34,46
17,35,67
17,36,64
17,37,34
17,38,21
17,39,32
17,40,61
17,41,37
17,42,95
17,43,43
17,44,14
17,45,59
17,46,9
17,47,18
17,48,96
17,49,28
17,50,86
17,51,92
17,52,86
17,53,50
17,54,71
17,55,46
17,56,11
17,57,50
17,58,1
17,59,33
17,60,68
17,61,15
17,62,58
17,63,47
17,64,86
17,65,95
17,66,86
17,67,33
17,68,74
17,69,48
17,70,81
17,71,47
17,72,13
17,73,86
17,74,29
17,75,60
17,76,3
17,77,79
17,78,71
17,79,41
17,80,78
17,81,28
17,82,82
17,83,8
17,84,81
17,85,59
17,86,89
17,87,38
17,88,83
17,89,52
17,90,14
17,91,17
17,92,5
17,93,4
17,94,38
17,95,63
17,96,14
17,97,12
17,98,30
17,99,68
17,100,17
18,19,49
18,20,58
18,21,47
18,22,85
18,23,95
18,24,89
18,25,69
18,26,53
18,27,75
18,28,95
18,29,93
18,30,19
18,31,53
18,32,83
18,33,12
18,34,62
18,35,78
18,36,52
18,37,35
18,38,4
18,39,88
18,40,47
18,41,27
18,42,56
18,43,56
18,44,30
18,45,46
18,46,12
18,47,87
18,48,47
18,49,69
18,50,82
18,51,45
18,52,7
18,53,50
18,54,35
18,55,24
18,56,15
18,57,58
18,58,11
18,59,84
18,60,27
18,61,82
18,62,81
18,63,76
18,64,2
18,65,6
18,66,100
18,67,42
18,68,31
18,69,16
18,70,100
18,71,72
18,72,26
18,73,8
18,74,97
18,75,70
18,76,26
18,77,75
18,78,27
18,79,29
18,80,42
18,81,99
18,82,18
18,83,100
18,84,76
18,85,0
18,86,35
18,87,18
18,88,16
18,89,69
18,90,32
18,91,22
18,92,14
18,93,84
18,94,3
18,95,16
18,96,1
18,97,45
18,98,100
18,99,30
18,100,75
19,20,41
19,21,2
19,22,22
19,23,33
19,24,6
19,25,16
19,26,94
19,27,53
19,28,67
19,29,14
19,30,95
19,31,8
19,32,60
19,33,57
19,34,99
19,35,46
19,36,65
19,37,75
19,38,13
19,39,57
19,40,64
19,41,28
19,42,78
19,43,5
19,44,93
19,45,100
19,46,84
19,47,66
19,48,38
19,49,58
19,50,82
19,51,3
19,52,7
19,53,61
19,54,51
19,55,54
19,56,87
19,57,13
19,58,62
19,59,91
19,60,56
19,61,9
19,62,10
19,63,41
19,64,77
19,65,18
19,66,8
19,67,16
19,68,35
19,69,79
19,70,81
19,71,74
19,72,70
19,73,91
19,74,41
19,75,48
19,76,76
19,77,67
19,78,37
19,79,58
19,80,64
19,81,77
19,82,55
19,83,12
19,84,89
19,85,14
19,86,83
19,87,83
19,88,98
19,89,70
19,90,92
19,91,27
19,92,55
19,93,57
19,94,29
19,95,52
19,96,43
19,97,58
19,98,51
19,99,53
19,100,93
20,21,12
20,22,40
20,23,54
20,24,40
20,25,85
20,26,32
20,27,47
20,28,19
20,29,87
20,30,60
20,31,8
20,32,11
20,33,10
20,34,11
20,35,55
20,36,12
20,37,95
20,38,94
20,39,47
20,40,16
20,41,71
20,42,7
20,43,75
20,44,71
20,45,71
20,46,42
20,47,85
20,48,15
20,49,52
20,50,45
20,51,85
20,52,96
20,53,54
20,54,92
20,55,6
20,56,36
20,57,76
20,58,39
20,59,45
20,60,13
20,61,73
20,62,64
20,63,27
20,64,19
20,65,84
20,66,61
20,67,28
20,68,13
20,69,44
20,70,71
20,71,47
20,72,14
20,73,97
20,74,35
20,75,73
20,76,28
20,77,54
20,78,71
20,79,98
20,80,79
20,81,78
20,82,86
20,83,82
20,84,71
20,85,3
20,86,77
20,87,84
20,88,88
20,89,34
20,90,3
20,91,23
20,92,34
20,93,89
20,94,97
20,95,39
20,96,43
20,97,44
20,98,0
20,99,23
20,100,18
21,22,72
21,23,84
21,24,51
21,25,8
21,26,18
21,27,94
21,28,81
21,29,3
21,30,11
21,31,95
21,32,67
21,33,27
21,34,48
21,35,53
21,36,58
21,37,43
21,38,20
21,39,47
21,40,39
21,41,92
21,42,41
21,43,99
21,44,72
21,45,76
21,46,10
21,47,6
21,48,19
21,49,20
21,50,96
21,51,79
21,52,6
21,53,86
21,54,10
21,55,34
21,56,56
21,57,84
21,58,54
21,59,62
21,60,77
21,61,56
21,62,53
21,63,34
21,64,27
21,65,96
21,66,65
21,67,14
21,68,44
21,69,55
21,70,14
21,71,36
21,72,86
21,73,86
21,74,75
21,75,62
21,76,67
21,77,85
21,78,39
21,79,5
21,80,28
21,81,50
21,82,76
21,83,7
21,84,0
21,85,26
21,86,38
21,87,27
21,88,98
21,89,17
21,90,97
21,91,32
21,92,37
21,93,41
21,94,15
21,95,0
21,96,63
21,97,95
21,98,55
21,99,22
21,100,16
22,23,48
22,24,68
22,25,90
22,26,29
22,27,64
22,28,71
22,29,85
22,30,45
22,31,9
22,32,50
22,33,94
22,34,5
22,35,55
22,36,2
22,37,58
22,38,9
22,39,40
22,40,73
22,41,54
22,42,73
22,43,51
22,44,90
22,45,81
22,46,53
22,47,37
22,48,14
22,49,51
22,50,2
22,51,41
22,52,21
22,53,79
22,54,58
22,55,88
22,56,46
22,57,11
22,58,55
22,59,13
22,60,31
22,61,55
22,62,75
22,63,51
22,64,67
22,65,10
22,66,50
22,67,39
22,68,95
22,69,43
22,70,28
22,71,42
22,72,99
22,73,21
22,74,9
22,75,65
22,76,81
22,77,14
22,78,67
22,79,65
22,80,24
22,81,99
22,82,44
22,83,44
22,84,93
22,85,82
22,86,18
22,87,30
22,88,13
22,89,18
22,90,32
22,91,25
22,92,22
22,93,77
22,94,19
22,95,97
22,96,97
22,97,83
22,98,9
22,99,22
22,100,98
23,24,80
23,25,63
23,26,59
23,27,96
23,28,72
23,29,97
23,30,74
23,31,57
23,32,87
23,33,72
23,34,82
23,35,81
23,36,79
23,37,41
23,38,80
23,39,40
23,40,19
23,41,56
23,42,8
23,43,60
23,44,56
23,45,80
23,46,38
23,47,35
23,48,75
23,49,7
23,50,45
23,51,64
23,52,9
23,53,39
23,54,59
23,55,57
23,56,4
23,57,7
23,58,47
23,59,36
23,60,9
23,61,82
23,62,11
23,63,78
23,64,76
23,65,64
23,66,49
23,67,59
23,68,74
23,69,70
23,70,94
23,71,5
23,72,57
23,73,73
23,74,83
23,75,24
23,76,41
23,77,77
23,78,60
23,79,64
23,80,19
23,81,7
23,82,57
23,83,13
23,84,43
23,85,91
23,86,10
23,87,64
23,88,82
23,89,22
23,90,5
23,91,31
23,92,90
23,93,56
23,94,56
23,95,67
23,96,66
23,97,78
23,98,20
23,99,46
23,100,47
24,25,36
24,26,49
24,27,52
24,28,99
24,29,43
24,30,86
24,31,76
24,32,6
24,33,80
24,34,82
24,35,42
24,36,8
24,37,42
24,38,12
24,39,71
24,40,86
24,41,49
24,42,36
24,43,32
24,44,92
24,45,84
24,46,77
24,47,19
24,48,42
24,49,10
24,50,74
24,51,84
24,52,18
24,53,44
24,54,39
24,55,83
24,56,89
24,57,84
24,58,50
24,59,16
24,60,76
24,61,90
24,62,10
24,63,39
24,64,71
24,65,48
24,66,82
24,67,42
24,68,16
24,69,85
24,70,89
24,71,94
24,72,87
24,73,67
24,74,11
24,75,82
24,76,85
24,77,54
24,78,65
24,79,46
24,80,2
24,81,46
24,82,39
24,83,23
24,84,27
24,85,43
24,86,98
24,87,62
24,88,24
24,89,28
24,90,17
24,91,19
24,92,9
24,93,37
24,94,100
24,95,12
24,96,64
24,97,98
24,98,69
24,99,94
24,100,67
25,26,4
25,27,84
25,28,43
25,29,98
25,30,79
25,31,16
25,32,76
25,33,48
25,34,19
25,35,20
25,36,23
25,37,88
25,38,98
25,39,79
25,40,21
25,41,92
25,42,56
25,43,5
25,44,52
25,45,46
25,46,86
25,47,92
25,48,30
25,49,56
25,50,78
25,51,36
25,52,96
25,53,95
25,54,100
25,55,57
25,56,29
25,57,68
25,58,30
25,59,39
25,60,100
25,61,60
25,62,24
25,63,47
25,64,86
25,65,73
25,66,56
25,67,59
25,68,98
25,69,36
25,70,99
25,71,48
25,72,64
25,73,67
25,74,53
25,75,20
25,76,25
25,77,77
25,78,17
25,79,32
25,80,6
25,81,82
25,82,61
25,83,47
25,84,70
25,85,13
25,86,91
25,87,66
25,88,15
25,89,36
25,90,10
25,91,97
25,92,20
25,93,34
25,94,57
25,95,65
25,96,18
25,97,55
25,98,11
25,99,28
25,100,57
26,27,44
26,28,3
26,29,53
26,30,6
26,31,50
26,32,64
26,33,47
26,34,30
26,35,49
26,36,10
26,37,47
26,38,28
26,39,3
26,40,40
26,41,12
26,42,91
26,43,83
26,44,42
26,45,18
26,46,17
26,47,4
26,48,36
26,49,60
26,50,89
26,51,17
26,52,97
26,53,90
26,54,60
26,55,57
26,56,78
26,57,0
26,58,10
26,59,2
26,60,32
26,61,27
26,62,19
26,63,70
26,64,93
26,65,77
26,66,67
26,67,54
26,68,14
26,69,99
26,70,36
26,71,30
26,72,38
26,73,15
26,74,6
26,75,30
26,76,53
26,77,81
26,78,79
26,79,58
26,80,8
26,81,14
26,82,63
26,83,76
26,84,68
26,85,2
26,86,80
26,87,65
26,88,73
26,89,30
26,90,91
26,91,18
26,92,37
26,93,54
26,94,0
26,95,78
26,96,45
26,97,30
26,98,73
26,99,53
26,100,23
27,28,85
27,29,85
27,30,10
27,31,67
27,32,46
27,33,8
27,34,67
27,35,69
27,36,64
27,37,100
27,38,64
27,39,70
27,40,2
27,41,49
27,42,60
27,43,5
27,44,81
27,45,49
27,46,47
27,47,32
27,48,95
27,49,2
27,50,45
27,51,100
27,52,8
27,53,44
27,54,30
27,55,93
27,56,84
27,57,80
27,58,13
27,59,98
27,60,74
27,61,94
27,62,96
27,63,42
27,64,17
27,65,5
27,66,45
27,67,69
27,68,43
27,69,82
27,70,22
27,71,99
27,72,87
27,73,59
27,74,89
27,75,61
27,76,80
27,77,23
27,78,17
27,79,8
27,80,91
27,81,99
27,82,58
27,83,4
27,84,37
27,85,25
27,86,5
27,87,25
27,88,5
27,89,40
27,90,39
27,91,65
27,92,50
27,93,69
27,94,60
27,95,32
27,96,4
27,97,96
27,98,82
27,99,24
27,100,36
28,29,45
28,30,99
28,31,6
28,32,83
28,33,42
28,34,34
28,35,15
28,36,47
28,37,55
28,38,51
28,39,95
28,40,56
28,41,49
28,42,43
28,43,23
28,44,63
28,45,88
28,46,63
28,47,47
28,48,66
28,49,34
28,50,10
28,51,93
28,52,54
28,53,10
28,54,55
28,55,77
28,56,23
28,57,69
28,58,37
28,59,41
28,60,13
28,61,10
28,62,41
28,63,84
28,64,37
28,65,39
28,66,57
28,67,77
28,68,91
28,69,54
28,70,21
28,71,88
28,72,56
28,73,44
28,74,57
28,75,5
28,76,93
28,77,45
28,78,78
28,79,55
28,80,35
28,81,81
28,82,7
28,83,9
28,84,85
28,85,81
28,86,51
28,87,46
28,88,65
28,89,95
28,90,86
28,91,20
28,92,3
28,93,18
28,94,77
28,95,86
28,96,100
28,97,56
28,98,4
28,99,16
28,100,8
29,30,30
29,31,99
29,32,82
29,33,46
29,34,46
29,35,49
29,36,72
29,37,4
29,38,77
29,39,19
29,40,86
29,41,57
29,42,47
29,43,47
29,44,56
29,45,97
29,46,9
29,47,73
29,48,17
29,49,67
29,50,46
29,51,50
29,52,40
29,53,83
29,54,35
29,55,31
29,56,14
29,57,3
29,58,94
29,59,23
29,60,63
29,61,66
29,62,49
29,63,71
29,64,15
29,65,33
29,66,99
29,67,33
29,68,90
29,69,57
29,70,27
29,71,78
29,72,36
29,73,88
29,74,62
29,75,25
29,76,15
29,77,17
29,78,9
29,79,57
29,80,22
29,81,91
29,82,56
29,83,11
29,84,87
29,85,40
29,86,85
29,87,44
29,88,90
29,89,8
29,90,70
29,91,69
29,92,37
29,93,38
29,94,20
29,95,91
29,96,90
29,97,89
29,98,81
29,99,22
29,100,46
30,31,65
30,32,28
30,33,15
30,34,25
30,35,17
30,36,30
30,37,63
30,38,3
30,39,46
30,40,70
30,41,73
30,42,47
30,43,59
30,44,70
30,45,16
30,46,78
30,47,11
30,48,8
30,49,39
30,50,50
30,51,91
30,52,92
30,53,61
30,54,67
30,55,52
30,56,98
30,57,52
30,58,73
30,59,9
30,60,16
30,61,40
30,62,82
30,63,9
30,64,57
30,65,59
30,66,87
30,67,66
30,68,44
30,69,16
30,70,99
30,71,70
30,72,81
30,73,75
30,74,23
30,75,98
30,76,16
30,77,55
30,78,64
30,79,7
30,80,15
30,81,66
30,82,19
30,83,38
30,84,21
30,85,20
30,86,41
30,87,90
30,88,28
30,89,44
30,90,66
30,91,36
30,92,10
30,93,32
30,94,25
30,95,81
30,96,70
30,97,35
30,98,16
30,99,80
30,100,38
31,32,78
31,33,68
31,34,11
31,35,64
31,36,82
31,37,21
31,38,75
31,39,74
31,40,19
31,41,21
31,42,84
31,43,79
31,44,92
31,45,77
31,46,43
31,47,72
31,48,5
31,49,3
31,50,10
31,51,5
31,52,82
31,53,98
31,54,73
31,55,33
31,56,83
31,57,26
31,58,98
31,59,73
31,60,53
31,61,79
31,62,81
31,63,3
31,64,63
31,65,80
31,66,69
31,67,37
31,68,82
31,69,38
31,70,61
31,71,31
31,72,87
31,73,51
31,74,38
31,75,58
31,76,9
31,77,88
31,78,7
31,79,20
31,80,56
31,81,53
31,82,61
31,83,59
31,84,26
31,85,43
31,86,77
31,87,18
31,88,40
31,89,91
31,90,40
31,91,93
31,92,44
31,93,51
31,94,16
31,95,97
31,96,47
31,97,65
31,98,71
31,99,13
31,100,40
32,33,30
32,34,59
32,35,15
32,36,34
32,37,57
32,38,31
32,39,18
32,40,12
32,41,6
32,42,37
32,43,49
32,44,78
32,45,53
32,46,31
32,47,20
32,48,41
32,49,73
32,50,92
32,51,40
32,52,24
32,53,97
32,54,20
32,55,63
32,56,65
32,57,59
32,58,63
32,59,39
32,60,63
32,61,2
32,62,11
32,63,50
32,64,64
32,65,58
32,66,30
32,67,27
32,68,74
32,69,45
32,70,6
32,71,6
32,72,36
32,73,63
32,74,76
32,75,83
32,76,86
32,77,60
32,78,36
32,79,68
32,80,1
32,81,13
32,82,55
32,83,17
32,84,33
32,85,93
32,86,46
32,87,97
32,88,51
32,89,46
32,90,5
32,91,51
32,92,6
32,93,72
32,94,71
32,95,24
32,96,46
32,97,70
32,98,36
32,99,9
32,100,49
33,34,64
33,35,57
33,36,97
33,37,70
33,38,35
33,39,79
33,40,87
33,41,78
33,42,15
33,43,16
33,44,12
33,45,50
33,46,47
33,47,43
33,48,71
33,49,46
33,50,96
33,51,18
33,52,25
33,53,77
33,54,65
33,55,51
33,56,64
33,57,5
33,58,5
33,59,4
33,60,17
33,61,91
33,62,42
33,63,60
33,64,66
33,65,58
33,66,19
33,67,77
33,68,65
33,69,17
33,70,41
33,71,78
33,72,40
33,73,20
33,74,50
33,75,78
33,76,94
33,77,38
33,78,75
33,79,43
33,80,64
33,81,65
33,82,68
33,83,62
33,84,90
33,85,72
33,86,38
33,87,60
33,88,2
33,89,47
33,90,42
33,91,86
33,92,14
33,93,53
33,94,74
33,95,39
33,96,92
33,97,88
33,98,80
33,99,3
33,100,76
34,35,60
34,36,33
34,37,83
34,38,100
34,39,99
34,40,74
34,41,73
34,42,29
34,43,92
34,44,6
34,45,74
34,46,61
34,47,21
34,48,67
34,49,80
34,50,92
34,51,79
34,52,99
34,53,48
34,54,18
34,55,87
34,56,31
34,57,4
34,58,73
34,59,89
34,60,14
34,61,24
34,62,2
34,63,56
34,64,40
34,65,53
34,66,19
34,67,52
34,68,88
34,69,26
34,70,52
34,71,64
34,72,99
34,73,78
34,74,60
34,75,94
34,76,93
34,77,7
34,78,90
34,79,17
34,80,66
34,81,26
34,82,71
34,83,41
34,84,84
34,85,61
34,86,67
34,87,48
34,88,40
34,89,22
34,90,58
34,91,68
34,92,43
34,93,69
34,94,45
34,95,86
34,96,98
34,97,92
34,98,87
34,99,82
34,100,88
35,36,33
35,37,78
35,38,61
35,39,24
35,40,31
35,41,35
35,42,71
35,43,38
35,44,28
35,45,38
35,46,98
35,47,36
35,48,90
35,49,26
35,50,88
35,51,90
35,52,62
35,53,40
35,54,61
35,55,44
35,56,71
35,57,92
35,58,35
35,59,36
35,60,15
35,61,73
35,62,86
35,63,69
35,64,48
35,65,50
35,66,44
35,67,98
35,68,18
35,69,37
35,70,5
35,71,36
35,72,91
35,73,10
35,74,44
35,75,56
35,76,83
35,77,32
35,78,95
35,79,61
35,80,27
35,81,25
35,82,68
35,83,34
35,84,71
35,85,89
35,86,34
35,87,17
35,88,13
35,89,78
35,90,94
35,91,75
35,92,30
35,93,31
35,94,6
35,95,85
35,96,67
35,97,28
35,98,81
35,99,29
35,100,6
36,37,12
36,38,52
36,39,42
36,40,91
36,41,60
36,42,12
36,43,87
36,44,98
36,45,17
36,46,0
36,47,70
36,48,20
36,49,52
36,50,83
36,51,60
36,52,61
36,53,83
36,54,25
36,55,96
36,56,36
36,57,41
36,58,36
36,59,82
36,60,7
36,61,98
36,62,11
36,63,83
36,64,73
36,65,29
36,66,68
36,67,94
36,68,92
36,69,4
36,70,22
36,71,53
36,72,22
36,73,4
36,74,50
36,75,100
36,76,63
36,77,23
36,78,95
36,79,37
36,80,4
36,81,1
36,82,38
36,83,72
36,84,77
36,85,13
36,86,42
36,87,36
36,88,58
36,89,82
36,90,69
36,91,67
36,92,63
36,93,17
36,94,64
36,95,59
36,96,34
36,97,24
36,98,14
36,99,42
36,100,20
37,38,93
37,39,58
37,40,82
37,41,32
37,42,91
37,43,23
37,44,1
37,45,94
37,46,43
37,47,37
37,48,72
37,49,86
37,50,96
37,51,24
37,52,22
37,53,78
37,54,81
37,55,51
37,56,54
37,57,65
37,58,41
37,59,11
37,60,51
37,61,85
37,62,12
37,63,23
37,64,17
37,65,61
37,66,41
37,67,31
37,68,0
37,69,33
37,70,49
37,71,30
37,72,57
37,73,96
37,74,34
37,75,42
37,76,38
37,77,74
37,78,92
37,79,73
37,80,1
37,81,33
37,82,83
37,83,46
37,84,88
37,85,30
37,86,7
37,87,85
37,88,15
37,89,59
37,90,39
37,91,20
37,92,51
37,93,87
37,94,64
37,95,90
37,96,98
37,97,39
37,98,88
37,99,15
37,100,81
38,39,37
38,40,47
38,41,78
38,42,28
38,43,28
38,44,17
38,45,61
38,46,19
38,47,58
38,48,95
38,49,77
38,50,47
38,51,53
38,52,89
38,53,70
38,54,60
38,55,96
38,56,68
38,57,85
38,58,27
38,59,97
38,60,31
38,61,87
38,62,96
38,63,76
38,64,100
38,65,10
38,66,67
38,67,57
38,68,67
38,69,90
38,70,46
38,71,9
38,72,72
38,73,14
38,74,7
38,75,70
38,76,64
38,77,25
38,78,73
38,79,68
38,80,19
38,81,21
38,82,41
38,83,66
38,84,56
38,85,14
38,86,87
38,87,26
38,88,91
38,89,74
38,90,62
38,91,11
38,92,65
38,93,57
38,94,7
38,95,58
38,96,16
38,97,65
38,98,53
38,99,58
38,100,72
39,40,7
39,41,71
39,42,59
39,43,86
39,44,39
39,45,92
39,46,2
39,47,50
39,48,32
39,49,0
39,50,95
39,51,27
39,52,74
39,53,9
39,54,5
39,55,54
39,56,44
39,57,89
39,58,8
39,59,69
39,60,7
39,61,8
39,62,60
39,63,4
39,64,36
39,65,52
39,66,23
39,67,98
39,68,17
39,69,98
39,70,82
39,71,93
39,72,82
39,73,53
39,74,47
39,75,48
39,76,57
39,77,48
39,78,48
39,79,10
39,80,87
39,81,84
39,82,69
39,83,17
39,84,83
39,85,44
39,86,15
39,87,22
39,88,68
39,89,50
39,90,67
39,91,16
39,92,93
39,93,28
39,94,0
39,95,96
39,96,2
39,97,38
39,98,59
39,99,86
39,100,92
40,41,69
40,42,54
40,43,68
40,44,48
40,45,29
40,46,31
40,47,58
40,48,44
40,49,19
40,50,35
40,51,24
40,52,92
40,53,97
40,54,14
40,55,4
40,56,84
40,57,53
40,58,78
40,59,98
40,60,2
40,61,30
40,62,26
40,63,8
40,64,12
40,65,76
40,66,4
40,67,57
40,68,76
40,69,86
40,70,90
40,71,6
40,72,31
40,73,94
40,74,5
40,75,51
40,76,56
40,77,29
40,78,69
40,79,27
40,80,96
40,81,99
40,82,7
40,83,17
40,84,64
40,85,37
40,86,29
40,87,93
40,88,73
40,89,40
40,90,73
40,91,76
40,92,98
40,93,86
40,94,41
40,95,30
40,96,38
40,97,18
40,98,84
40,99,66
40,100,28
41,42,52
41,43,38
41,44,35
41,45,7
41,46,71
41,47,75
41,48,94
41,49,22
41,50,80
41,51,86
41,52,54
41,53,71
41,54,63
41,55,6
41,56,44
41,57,82
41,58,85
41,59,48
41,60,100
41,61,67
41,62,40
41,63,89
41,64,53
41,65,52
41,66,19
41,67,38
41,68,48
41,69,23
41,70,96
41,71,68
41,72,60
41,73,30
41,74,28
41,75,38
41,76,90
41,77,18
41,78,59
41,79,7
41,80,71
41,81,52
41,82,53
41,83,71
41,84,67
41,85,17
41,86,49
41,87,31
41,88,32
41,89,26
41,90,42
41,91,82
41,92,10
41,93,57
41,94,47
41,95,11
41,96,68
41,97,92
41,98,24
41,99,6
41,100,34
42,43,48
42,44,86
42,45,77
42,46,77
42,47,5
42,48,9
42,49,24
42,50,97
42,51,75
42,52,92
42,53,85
42,54,71
42,55,27
42,56,61
42,57,26
42,58,42
42,59,38
42,60,1
42,61,27
42,62,24
42,63,94
42,64,15
42,65,95
42,66,96
42,67,61
42,68,31
42,69,89
42,70,77
42,71,90
42,72,26
42,73,50
42,74,30
42,75,70
42,76,41
42,77,99
42,78,36
42,79,48
42,80,59
42,81,68
42,82,83
42,83,45
42,84,39
42,85,33
42,86,46
42,87,65
42,88,63
42,89,59
42,90,12
42,91,92
42,92,60
42,93,97
42,94,40
42,95,26
42,96,47
42,97,40
42,98,52
42,99,5
42,100,72
43,44,28
43,45,94
43,46,18
43,47,2
43,48,33
43,49,70
43,50,74
43,51,74
43,52,92
43,53,53
43,54,37
43,55,19
43,56,25
43,57,42
43,58,29
43,59,48
43,60,72
43,61,31
43,62,63
43,63,70
43,64,83
43,65,87
43,66,43
43,67,32
43,68,97
43,69,62
43,70,92
43,71,82
43,72,94
43,73,62
43,74,58
43,75,21
43,76,93
43,77,45
43,78,21
43,79,17
43,80,92
43,81,69
43,82,62
43,83,23
43,84,69
43,85,82
43,86,7
43,87,67
43,88,4
43,89,9
43,90,85
43,91,6
43,92,97
43,93,0
43,94,52
43,95,17
43,96,80
43,97,29
43,98,8
43,99,90
43,100,19
44,45,1
44,46,27
44,47,64
44,48,58
44,49,47
44,50,7
44,51,79
44,52,81
44,53,85
44,54,78
44,55,61
44,56,84
44,57,62
44,58,2
44,59,0
44,60,68
44,61,70
44,62,52
44,63,1
44,64,2
44,65,67
44,66,92
44,67,35
44,68,68
44,69,36
44,70,2
44,71,64
44,72,89
44,73,86
44,74,55
44,75,22
44,76,13
44,77,12
44,78,67
44,79,19
44,80,30
44,81,24
44,82,79
44,83,67
44,84,32
44,85,45
44,86,34
44,87,50
44,88,10
44,89,47
44,90,51
44,91,58
44,92,72
44,93,31
44,94,89
44,95,28
44,96,38
44,97,87
44,98,10
44,99,83
44,100,83
45,46,97
45,47,4
45,48,11
45,49,51
45,50,48
45,51,48
45,52,70
45,53,60
45,54,7
45,55,81
45,56,1
45,57,89
45,58,21
45,59,10
45,60,63
45,61,55
45,62,82
45,63,100
45,64,42
45,65,72
45,66,12
45,67,67
45,68,5
45,69,29
45,70,27
45,71,88
45,72,72
45,73,60
45,74,34
45,75,5
45,76,9
45,77,87
45,78,35
45,79,69
45,80,72
45,81,84
45,82,4
45,83,22
45,84,40
45,85,2
45,86,26
45,87,75
45,88,18
45,89,96
45,90,91
45,91,50
45,92,9
45,93,38
45,94,20
45,95,72
45,96,30
45,97,72
45,98,49
45,99,86
45,100,69
46,47,42
46,48,49
46,49,96
46,50,94
46,51,17
46,52,88
46,53,92
46,54,10
46,55,64
46,56,95
46,57,44
46,58,6
46,59,12
46,60,55
46,61,29
46,62,9
46,63,43
46,64,77
46,65,98
46,66,78
46,67,76
46,68,50
46,69,99
46,70,41
46,71,3
46,72,81
46,73,34
46,74,100
46,75,57
46,76,62
46,77,29
46,78,45
46,79,70
46,80,48
46,81,55
46,82,23
46,83,87
46,84,74
46,85,84
46,86,48
46,87,10
46,88,98
46,89,79
46,90,37
46,91,31
46,92,91
46,93,9
46,94,10
46,95,34
46,96,19
46,97,48
46,98,91
46,99,100
46,100,81
47,48,19
47,49,94
47,50,49
47,51,40
47,52,46
47,53,13
47,54,11
47,55,0
47,56,39
47,57,56
47,58,46
47,59,97
47,60,34
47,61,13
47,62,16
47,63,11
47,64,23
47,65,55
47,66,57
47,67,71
47,68,71
47,69,65
47,70,52
47,71,13
47,72,3
47,73,11
47,74,45
47,75,70
47,76,11
47,77,76
47,78,76
47,79,100
47,80,41
47,81,49
47,82,1
47,83,37
47,84,52
47,85,49
47,86,99
47,87,10
47,88,92
47,89,71
47,90,31
47,91,73
47,92,66
47,93,21
47,94,87
47,95,48
47,96,21
47,97,17
47,98,34
47,99,38
47,100,34
48,49,63
48,50,18
48,51,8
48,52,21
48,53,55
48,54,35
48,55,53
48,56,38
48,57,61
48,58,100
48,59,9
48,60,46
48,61,32
48,62,31
48,63,92
48,64,80
48,65,63
48,66,76
48,67,78
48,68,25
48,69,58
48,70,13
48,71,17
48,72,38
48,73,0
48,74,50
48,75,42
48,76,79
48,77,48
48,78,42
48,79,56
48,80,42
48,81,55
48,82,83
48,83,76
48,84,17
48,85,38
48,86,41
48,87,77
48,88,88
48,89,25
48,90,61
48,91,40
48,92,22
48,93,50
48,94,40
48,95,37
48,96,94
48,97,88
48,98,81
48,99,62
48,100,73
49,50,100
49,51,31
49,52,41
49,53,48
49,54,35
49,55,100
49,56,50
49,57,46
49,58,14
49,59,72
49,60,25
49,61,75
49,62,69
49,63,23
49,64,87
49,65,98
49,66,70
49,67,3
49,68,93
49,69,59
49,70,90
49,71,26
49,72,56
49,73,37
49,74,88
49,75,8
49,76,52
49,77,86
49,78,63
49,79,17
49,80,81
49,81,38
49,82,30
49,83,32
49,84,84
49,85,19
49,86,91
49,87,54
49,88,48
49,89,9
49,90,57
49,91,76
49,92,61
49,93,74
49,94,51
49,95,68
49,96,64
49,97,88
49,98,53
49,99,69
49,100,4
50,51,46
50,52,89
50,53,68
50,54,76
50,55,81
50,56,10
50,57,13
50,58,98
50,59,31
50,60,84
50,61,85
50,62,45
50,63,21
50,64,82
50,65,78
50,66,5
50,67,72
50,68,82
50,69,86
50,70,82
50,71,51
50,72,96
50,73,42
50,74,55
50,75,13
50,76,1
50,77,12
50,78,33
50,79,28
50,80,65
50,81,95
50,82,66
50,83,71
50,84,74
50,85,88
50,86,73
50,87,28
50,88,57
50,89,47
50,90,50
50,91,59
50,92,98
50,93,86
50,94,75
50,95,88
50,96,64
50,97,19
50,98,44
50,99,3
50,100,61
51,52,13
51,53,37
51,54,53
51,55,10
51,56,14
51,57,93
51,58,18
51,59,44
51,60,39
51,61,43
51,62,58
51,63,100
51,64,26
51,65,66
51,66,61
51,67,44
51,68,60
51,69,12
51,70,56
51,71,92
51,72,89
51,73,57
51,74,40
51,75,8
51,76,38
51,77,5
51,78,90
51,79,14
51,80,2
51,81,43
51,82,82
51,83,13
51,84,86
51,85,21
51,86,94
51,87,31
51,88,66
51,89,22
51,90,70
51,91,20
51,92,42
51,93,71
51,94,54
51,95,59
51,96,29
51,97,51
51,98,80
51,99,23
51,100,23
52,53,81
52,54,84
52,55,55
52,56,50
52,57,3
52,58,94
52,59,78
52,60,25
52,61,57
52,62,75
52,63,54
52,64,49
52,65,0
52,66,90
52,67,27
52,68,26
52,69,35
52,70,96
52,71,90
52,72,8
52,73,73
52,74,13
52,75,68
52,76,23
52,77,46
52,78,41
52,79,25
52,80,58
52,81,14
52,82,33
52,83,85
52,84,62
52,85,67
52,86,81
52,87,40
52,88,76
52,89,49
52,90,78
52,91,50
52,92,75
52,93,14
52,94,44
52,95,45
52,96,58
52,97,79
52,98,22
52,99,86
52,100,90
53,54,38
53,55,78
53,56,75
53,57,10
53,58,86
53,59,17
53,60,40
53,61,15
53,62,30
53,63,39
53,64,14
53,65,23
53,66,47
53,67,88
53,68,18
53,69,65
53,70,49
53,71,53
53,72,76
53,73,17
53,74,73
53,75,49
53,76,54
53,77,23
53,78,62
53,79,81
53,80,68
53,81,88
53,82,82
53,83,22
53,84,71
53,85,21
53,86,62
53,87,36
53,88,17
53,89,23
53,90,40
53,91,57
53,92,79
53,93,6
53,94,45
53,95,1
53,96,62
53,97,17
53,98,24
53,99,49
53,100,71
54,55,64
54,56,83
54,57,63
54,58,52
54,59,87
54,60,62
54,61,53
54,62,90
54,63,56
54,64,62
54,65,21
54,66,10
54,67,72
54,68,3
54,69,97
54,70,28
54,71,37
54,72,4
54,73,35
54,74,28
54,75,68
54,76,36
54,77,21
54,78,99
54,79,58
54,80,72
54,81,95
54,82,98
54,83,98
54,84,63
54,85,70
54,86,65
54,87,14
54,88,73
54,89,14
54,90,34
54,91,99
54,92,69
54,93,46
54,94,69
54,95,96
54,96,5
54,97,97
54,98,92
54,99,56
54,100,69
55,56,27
55,57,54
55,58,13
55,59,94
55,60,83
55,61,96
55,62,31
55,63,38
55,64,4
55,65,57
55,66,33
55,67,44
55,68,11
55,69,56
55,70,15
55,71,99
55,72,30
55,73,26
55,74,94
55,75,75
55,76,88
55,77,44
55,78,90
55,79,78
55,80,80
55,81,54
55,82,21
55,83,78
55,84,17
55,85,100
55,86,26
55,87,26
55,88,7
55,89,72
55,90,44
55,91,68
55,92,35
55,93,76
55,94,68
55,95,21
55,96,41
55,97,90
55,98,37
55,99,37
55,100,73
56,57,34
56,58,65
56,59,86
56,60,12
56,61,17
56,62,96
56,63,100
56,64,52
56,65,7
56,66,35
56,67,83
56,68,16
56,69,89
56,70,16
56,71,31
56,72,18
56,73,91
56,74,41
56,75,31
56,76,97
56,77,86
56,78,50
56,79,62
56,80,18
56,81,73
56,82,80
56,83,34
56,84,80
56,85,53
56,86,48
56,87,57
56,88,9
56,89,81
56,90,98
56,91,11
56,92,51
56,93,65
56,94,95
56,95,35
56,96,88
56,97,47
56,98,58
56,99,62
56,100,41
57,58,74
57,59,0
57,60,99
57,61,93
57,62,11
57,63,93
57,64,58
57,65,81
57,66,85
57,67,89
57,68,45
57,69,8
57,70,68
57,71,50
57,72,27
57,73,54
57,74,27
57,75,63
57,76,34
57,77,41
57,78,36
57,79,43
57,80,70
57,81,73
57,82,16
57,83,72
57,84,62
57,85,100
57,86,43
57,87,87
57,88,97
57,89,6
57,90,5
57,91,12
57,92,80
57,93,100
57,94,58
57,95,2
57,96,15
57,97,20
57,98,56
57,99,58
57,100,0
58,59,54
58,60,25
58,61,88
58,62,16
58,63,83
58,64,38
58,65,20
58,66,35
58,67,11
58,68,83
58,69,46
58,70,32
58,71,10
58,72,47
58,73,85
58,74,83
58,75,21
58,76,6
58,77,50
58,78,80
58,79,39
58,80,92
58,81,89
58,82,96
58,83,29
58,84,54
58,85,83
58,86,11
58,87,90
58,88,12
58,89,0
58,90,27
58,91,61
58,92,9
58,93,16
58,94,75
58,95,28
58,96,66
58,97,87
58,98,56
58,99,1
58,100,1
59,60,89
59,61,43
59,62,15
59,63,54
59,64,88
59,65,16
59,66,61
59,67,9
59,68,29
59,69,49
59,70,11
59,71,93
59,72,13
59,73,13
59,74,40
59,75,47
59,76,38
59,77,17
59,78,48
59,79,99
59,80,96
59,81,17
59,82,82
59,83,86
59,84,18
59,85,8
59,86,67
59,87,72
59,88,1
59,89,78
59,90,83
59,91,21
59,92,56
59,93,44
59,94,92
59,95,27
59,96,80
59,97,95
59,98,19
59,99,52
59,100,78
60,61,87
60,62,56
60,63,27
60,64,11
60,65,12
60,66,17
60,67,96
60,68,15
60,69,75
60,70,93
60,71,49
60,72,44
60,73,54
60,74,40
60,75,17
60,76,31
60,77,35
60,78,82
60,79,10
60,80,31
60,81,70
60,82,76
60,83,76
60,84,92
60,85,77
60,86,36
60,87,99
60,88,88
60,89,3
60,90,84
60,91,38
60,92,26
60,93,66
60,94,77
60,95,65
60,96,24
60,97,95
60,98,50
60,99,37
60,100,82
61,62,6
61,63,100
61,64,30
61,65,63
61,66,49
61,67,14
61,68,30
61,69,63
61,70,81
61,71,76
61,72,9
61,73,67
61,74,1
61,75,46
61,76,40
61,77,16
61,78,49
61,79,72
61,80,53
61,81,46
61,82,69
61,83,87
61,84,22
61,85,97
61,86,60
61,87,98
61,88,9
61,89,2
61,90,75
61,91,8
61,92,1
61,93,33
61,94,27
61,95,5
61,96,7
61,97,50
61,98,64
61,99,36
61,100,80
62,63,91
62,64,64
62,65,98
62,66,53
62,67,54
62,68,89
62,69,51
62,70,10
62,71,81
62,72,68
62,73,68
62,74,78
62,75,19
62,76,35
62,77,10
62,78,39
62,79,10
62,80,65
62,81,26
62,82,19
62,83,68
62,84,41
62,85,50
62,86,75
62,87,81
62,88,97
62,89,83
62,90,87
62,91,82
62,92,8
62,93,39
62,94,89
62,95,55
62,96,93
62,97,30
62,98,7
62,99,31
62,100,11
63,64,55
63,65,14
63,66,58
63,67,78
63,68,77
63,69,7
63,70,39
63,71,85
63,72,94
63,73,84
63,74,94
63,75,22
63,76,15
63,77,1
63,78,90
63,79,17
63,80,89
63,81,1
63,82,20
63,83,63
63,84,44
63,85,66
63,86,66
63,87,100
63,88,92
63,89,33
63,90,21
63,91,47
63,92,16
63,93,95
63,94,99
63,95,34
63,96,93
63,97,15
63,98,98
63,99,3
63,100,42
64,65,54
64,66,34
64,67,67
64,68,8
64,69,33
64,70,91
64,71,73
64,72,80
64,73,9
64,74,63
64,75,58
64,76,65
64,77,46
64,78,7
64,79,63
64,80,72
64,81,21
64,82,47
64,83,20
64,84,32
64,85,98
64,86,13
64,87,73
64,88,86
64,89,92
64,90,14
64,91,29
64,92,94
64,93,65
64,94,0
64,95,5
64,96,1
64,97,31
64,98,5
64,99,60
64,100,46
65,66,49
65,67,19
65,68,22
65,69,4
65,70,70
65,71,91
65,72,94
65,73,83
65,74,53
65,75,28
65,76,41
65,77,31
65,78,53
65,79,92
65,80,40
65,81,34
65,82,9
65,83,73
65,84,47
65,85,15
65,86,64
65,87,86
65,88,6
65,89,22
65,90,28
65,91,66
65,92,5
65,93,51
65,94,8
65,95,59
65,96,36
65,97,99
65,98,39
65,99,41
65,100,11
66,67,70
66,68,58
66,69,1
66,70,47
66,71,25
66,72,37
66,73,72
66,74,100
66,75,38
66,76,94
66,77,79
66,78,31
66,79,59
66,80,47
66,81,75
66,82,63
66,83,98
66,84,99
66,85,25
66,86,93
66,87,69
66,88,97
66,89,31
66,90,19
66,91,0
66,92,52
66,93,3
66,94,29
66,95,69
66,96,44
66,97,81
66,98,88
66,99,1
66,100,42
67,68,0
67,69,97
67,70,84
67,71,48
67,72,94
67,73,93
67,74,39
67,75,13
67,76,26
67,77,67
67,78,30
67,79,53
67,80,62
67,81,7
67,82,18
67,83,91
67,84,35
67,85,11
67,86,5
67,87,29
67,88,66
67,89,52
67,90,89
67,91,47
67,92,58
67,93,95
67,94,10
67,95,74
67,96,12
67,97,64
67,98,17
67,99,81
67,100,50
68,69,9
68,70,75
68,71,72
68,72,7
68,73,55
68,74,84
68,75,16
68,76,30
68,77,37
68,78,33
68,79,40
68,80,50
68,81,89
68,82,94
68,83,41
68,84,40
68,85,57
68,86,34
68,87,29
68,88,9
68,89,25
68,90,17
68,91,99
68,92,98
68,93,74
68,94,13
68,95,19
68,96,13
68,97,21
68,98,57
68,99,59
68,100,40
69,70,52
69,71,15
69,72,68
69,73,45
69,74,98
69,75,26
69,76,57
69,77,39
69,78,59
69,79,33
69,80,15
69,81,11
69,82,20
69,83,87
69,84,38
69,85,90
69,86,89
69,87,77
69,88,5
69,89,27
69,90,41
69,91,18
69,92,11
69,93,91
69,94,31
69,95,45
69,96,50
69,97,65
69,98,6
69,99,86
69,100,38
70,71,33
70,72,22
70,73,3
70,74,51
70,75,57
70,76,71
70,77,95
70,78,70
70,79,31
70,80,12
70,81,59
70,82,13
70,83,17
70,84,15
70,85,1
70,86,7
70,87,99
70,88,28
70,89,16
70,90,25
70,91,51
70,92,47
70,93,87
70,94,80
70,95,82
70,96,10
70,97,74
70,98,75
70,99,33
70,100,9
71,72,2
71,73,8
71,74,25
71,75,82
71,76,56
71,77,16
71,78,11
71,79,42
71,80,15
71,81,5
71,82,59
71,83,6
71,84,21
71,85,73
71,86,55
71,87,92
71,88,50
71,89,63
71,90,3
71,91,48
71,92,87
71,93,54
71,94,22
71,95,45
71,96,27
71,97,23
71,98,35
71,99,35
71,100,57
72,73,19
72,74,4
72,75,78
72,76,79
72,77,78
72,78,31
72,79,82
72,80,37
72,81,63
72,82,52
72,83,70
72,84,61
72,85,7
72,86,11
72,87,35
72,88,49
72,89,17
72,90,53
72,91,25
72,92,82
72,93,67
72,94,31
72,95,80
72,96,69
72,97,2
72,98,48
72,99,100
72,100,91
73,74,45
73,75,61
73,76,69
73,77,100
73,78,62
73,79,44
73,80,72
73,81,64
73,82,41
73,83,49
73,84,34
73,85,23
73,86,3
73,87,40
73,88,76
73,89,28
73,90,3
73,91,99
73,92,35
73,93,7
73,94,60
73,95,67
73,96,45
73,97,98
73,98,74
73,99,29
73,100,20
74,75,12
74,76,31
74,77,84
74,78,30
74,79,34
74,80,68
74,81,94
74,82,7
74,83,97
74,84,28
74,85,73
74,86,49
74,87,45
74,88,22
74,89,22
74,90,30
74,91,75
74,92,40
74,93,94
74,94,89
74,95,45
74,96,75
74,97,3
74,98,90
74,99,89
74,100,45
75,76,72
75,77,72
75,78,18
75,79,72
75,80,24
75,81,63
75,82,69
75,83,39
75,84,22
75,85,62
75,86,4
75,87,11
75,88,7
75,89,29
75,90,77
75,91,28
75,92,2
75,93,67
75,94,61
75,95,0
75,96,42
75,97,78
75,98,25
75,99,16
75,100,43
76,77,91
76,78,22
76,79,41
76,80,7
76,81,2
76,82,18
76,83,75
76,84,90
76,85,18
76,86,99
76,87,14
76,88,67
76,89,46
76,90,9
76,91,47
76,92,90
76,93,84
76,94,50
76,95,75
76,96,12
76,97,43
76,98,38
76,99,41
76,100,17
77,78,20
77,79,93
77,80,55
77,81,81
77,82,62
77,83,83
77,84,40
77,85,22
77,86,90
77,87,71
77,88,88
77,89,78
77,90,100
77,91,45
77,92,28
77,93,85
77,94,75
77,95,22
77,96,48
77,97,39
77,98,93
77,99,88
77,100,37
78,79,16
78,80,22
78,81,93
78,82,0
78,83,89
78,84,73
78,85,50
78,86,98
78,87,72
78,88,4
78,89,23
78,90,77
78,91,40
78,92,78
78,93,28
78,94,81
78,95,72
78,96,13
78,97,63
78,98,18
78,99,42
78,100,95
79,80,9
79,81,30
79,82,44
79,83,40
79,84,21
79,85,81
79,86,11
79,87,90
79,88,85
79,89,81
79,90,93
79,91,42
79,92,57
79,93,1
79,94,33
79,95,26
79,96,31
79,97,88
79,98,8
79,99,44
79,100,32
80,81,100
80,82,13
80,83,92
80,84,0
80,85,6
80,86,49
80,87,56
80,88,93
80,89,53
80,90,21
80,91,52
80,92,63
80,93,48
80,94,44
80,95,69
80,96,48
80,97,12
80,98,61
80,99,100
80,100,73
81,82,83
81,83,97
81,84,87
81,85,28
81,86,20
81,87,57
81,88,9
81,89,4
81,90,37
81,91,2
81,92,40
81,93,33
81,94,13
81,95,9
81,96,43
81,97,21
81,98,48
81,99,20
81,100,93
82,83,9
82,84,70
82,85,11
82,86,43
82,87,76
82,88,78
82,89,61
82,90,90
82,91,3
82,92,55
82,93,83
82,94,21
82,95,77
82,96,55
82,97,20
82,98,6
82,99,12
82,100,42
83,84,26
83,85,24
83,86,52
83,87,89
83,88,70
83,89,92
83,90,93
83,91,69
83,92,33
83,93,84
83,94,36
83,95,38
83,96,30
83,97,12
83,98,6
83,99,50
83,100,73
84,85,70
84,86,62
84,87,19
84,88,6
84,89,46
84,90,0
84,91,54
84,92,11
84,93,37
84,94,84
84,95,80
84,96,76
84,97,61
84,98,25
84,99,12
84,100,3
85,86,26
85,87,21
85,88,81
85,89,37
85,90,10
85,91,60
85,92,14
85,93,39
85,94,100
85,95,50
85,96,60
85,97,62
85,98,84
85,99,33
85,100,11
86,87,82
86,88,69
86,89,49
86,90,23
86,91,47
86,92,48
86,93,47
86,94,23
86,95,57
86,96,5
86,97,33
86,98,56
86,99,59
86,100,33
87,88,28
87,89,34
87,90,72
87,91,7
87,92,19
87,93,96
87,94,89
87,95,85
87,96,12
87,97,10
87,98,85
87,99,44
87,100,69
88,89,52
88,90,96
88,91,75
88,92,29
88,93,70
88,94,7
88,95,49
88,96,66
88,97,53
88,98,68
88,99,87
88,100,60
89,90,73
89,91,30
89,92,60
89,93,38
89,94,10
89,95,50
89,96,91
89,97,4
89,98,64
89,99,73
89,100,66
90,91,73
90,92,86
90,93,79
90,94,18
90,95,15
90,96,96
90,97,57
90,98,22
90,99,21
90,100,27
91,92,24
91,93,16
91,94,5
91,95,54
91,96,10
91,97,87
91,98,55
91,99,25
91,100,80
92,93,18
92,94,76
92,95,33
92,96,40
92,97,93
92,98,8
92,99,11
92,100,49
93,94,71
93,95,50
93,96,70
93,97,41
93,98,35
93,99,66
93,100,58
94,95,1
94,96,100
94,97,89
94,98,79
94,99,75
94,100,66
95,96,100
95,97,53
95,98,14
95,99,53
95,100,19
96,97,18
96,98,72
96,99,75
96,100,74
97,98,97
97,99,12
97,100,13
98,99,72
98,100,99
99,100,12